Column1,Column2,Column3,Column4
title,url,date,body
T?ng tr??ng xanh - Con ???ng phát tri?n b?n v?ng c?a doanh nghi?p d??c,https://www.tinnhanhchungkhoan.vn/tang-truong-xanh-con-duong-phat-trien-ben-vung-cua-doanh-nghiep-duoc-post365611.html,19/03/2025 09:00,"Ngành d??c tr??c xu h??ng chuy?n ??i xanh
Trong b?i c?nh ngành d??c có ?nh h??ng sâu r?ng ??n s?c kh?e c?ng ??ng, phát tri?n b?n v?ng không còn là l?a ch?n mà ?ã tr? thành xu h??ng t?t y?u. Trên th? gi?i, làn sóng chuy?n ??i xanh ?ang ??nh hình l?i ho?t ??ng s?n xu?t và phân ph?i d??c ph?m, t? gi?m phát th?i carbon, ti?t ki?m n?ng l??ng, nguyên li?u s?ch, qu?n lý ch?t th?i ??n ??m b?o quy?n ti?p c?n thu?c m?t cách công b?ng.
T?i Vi?t Nam, Imexpharm là m?t trong nh?ng doanh nghi?p tiên phong h??ng ?ng m?c tiêu Net Zero ??n n?m 2050 c?a Chính ph?. Thông qua các gi?i pháp s?n xu?t xanh, s? d?ng n?ng l??ng hi?u qu?, nguyên li?u s?ch, an toàn và b?o v? môi tr??ng, Imexpharm t?ng b??c tích h?p y?u t? b?n v?ng vào chi?n l??c phát tri?n dài h?n.
M?i ?ây, vào ngày 14/3/2025, Imexpharm ?ã trao t?ng 500 cây xanh cho Thành ?oàn TP ?à L?t, góp ph?n vào k? ho?ch tr?ng 3,8 tri?u cây c?a thành ph? và m?c tiêu 50 tri?u cây xanh c?a t?nh Lâm ??ng giai ?o?n 2021–2025. Ho?t ??ng không ch? mang ý ngh?a b?o v? môi tr??ng mà còn thúc ??y phát tri?n kinh t? lâm nghi?p và du l?ch sinh thái ??a ph??ng.
??i di?n Thành ?oàn TP. ?à L?t (ph?i) trao Th? c?m ?n ??n ông Nguy?n An Duy – Phó TG? Kh?i Tài chính Imexpharm, tri ân doanh nghi?p ?ã ??ng hành cùng ch??ng trình ""Vì m?t ?à L?t xanh"". ?nh: Imexpharm.
Theo Ban Ch? ??o Ch??ng trình phát tri?n Lâm nghi?p b?n v?ng, ??n n?m 2023, Lâm ??ng ghi nh?n t? l? che ph? r?ng ??t 54,37% v?i t?ng di?n tích r?ng kho?ng 538.000 ha. ??a ph??ng hi?n ?ang tích c?c h??ng ?ng Ch??ng trình tr?ng 1 t? cây xanh “Vì M?t Vi?t Nam Xanh” do Chính ph? phát ??ng nh?m c?i thi?n ch?t l??ng r?ng và m? r?ng di?n tích cây xanh ?ô th?, t?o n?n t?ng cho phát tri?n b?n v?ng v? sinh thái, kinh t? và ch?t l??ng s?ng.
Bi?n ??i khí h?u hi?n là thách th?c toàn c?u l?n nh?t th? k? 21, v?i các tác ??ng ngày càng nghiêm tr?ng nh? th?i ti?t c?c ?oan, suy gi?m tài nguyên thiên nhiên, n??c bi?n dâng và m?t cân b?ng sinh thái. Ngân hàng Th? gi?i c?nh báo, n?u không có bi?n pháp ?ng phó k?p th?i, Vi?t Nam có th? m?t t?i 14,5% GDP m?i n?m vào 2050 và s? có thêm m?t tri?u ng??i r?i vào c?nh nghèo tr??c n?m 2030.
?áng chú ý, Vi?t Nam n?m trong nhóm 10 qu?c gia ch?u ?nh h??ng n?ng n? nh?t b?i thiên tai, v?i 20/21 lo?i hình ???c ghi nh?n. Tr??c th?c tr?ng ?ó, các doanh nghi?p – ??c bi?t trong l?nh v?c d??c ph?m – ?ang tích c?c hành ??ng ?? thích ?ng. Y?u t? môi tr??ng và khí h?u ngày càng ???c l?ng ghép vào chi?n l??c kinh doanh, t? ??i m?i công ngh? s?n xu?t, s? d?ng n?ng l??ng tái t?o ??n th?c hành trách nhi?m xã h?i, góp ph?n b?o v? s?c kh?e c?ng ??ng và phát tri?n b?n v?ng trong dài h?n.
Th?c hành ESG – Phát tri?n b?n v?ng t? c?t lõi
V?i vai trò là doanh nghi?p hàng ??u trong ngành d??c ph?m, Imexpharm xác ??nh phát tri?n b?n v?ng và b?o v? môi tr??ng là chi?n l??c ?u tiên ngay t? nh?ng ngày ??u thành l?p. Không ch? ??u t? h? th?ng nhà máy ??t chu?n EU-GMP, công ty còn là m?t trong nh?ng ??n v? ?i ??u trong “xanh hóa” chu?i s?n xu?t và cung ?ng theo ??nh h??ng ESG qu?c t?.
T?i các c?m nhà máy c?a Imexpharm, trong ?ó có 3 c?m nhà máy ??t chu?n EU-GMP cùng 12 dây chuy?n s?n xu?t EU-GMP, Imexpharm ?ang tri?n khai ??ng b? các gi?i pháp ti?t ki?m n?ng l??ng, t?i ?u nguyên v?t li?u và ki?m soát ch?t ch? phát th?i – t? khí th?i, n??c th?i ??n ch?t th?i r?n – h??ng ??n mô hình s?n xu?t xanh và tu?n hoàn. ??c bi?t, trong n?m 2025, Imexpharm s? ??u t? h? th?ng ?i?n m?t tr?i áp mái t?i các nhà máy nh?m ch? ??ng s? d?ng n?ng l??ng s?ch và thúc ??y s?n xu?t xanh.
L?ng ghép trách nhi?m xã h?i vào các ho?t ??ng n?i b? là m?t hành trình xuyên su?t t?i Imexpharm. Ngay sau l? trao t?ng 500 cây xanh cho TP. ?à L?t, g?n 500 lãnh ??o và nhân viên Imexpharm ?ã cùng tham gia ?i b? quanh h? Xuân H??ng, h??ng ?ng tinh th?n s?ng kh?e, s?ng xanh. Ho?t ??ng n?m trong khuôn kh? ??i h?i Sales & Marketing 2025 v?i ch? ?? “Tiên phong d?n l?i”. Tr??c ?ó, trong khuôn kh? ??i h?i Sales & Marketing ??u n?m t?i Nha Trang (tháng 3/2024), công ty ?ã ph?i h?p cùng chính quy?n ??a ph??ng tr?ng cây xanh d?c tuy?n ???ng Vành ?ai 2.
??i ng? Imexpharm t?i bu?i l? trao t?ng 500 cây xanh cho Thành ?oàn TP ?à L?t. ?nh: Imexpharm
Trong g?n n?a th? k? hình thành và phát tri?n, Imexpharm không ch? kiên trì ??ng hành cùng các ho?t ??ng b?o v? môi tr??ng mà còn tiên phong trong trách nhi?m c?ng ??ng – t? phát thu?c mi?n phí cho bà con nghèo, trao h?c b?ng khuy?n h?c, xây c?u, trao nhà tình th??ng ??n tài tr? các ch??ng trình ch?m sóc s?c kh?e.
Th?y thu?c Nhân dân, D??c s? Tr?n Th? ?ào, T?ng giám ??c c?a Imexpharm chia s?: “
Chúng tôi tin r?ng m?t doanh nghi?p d??c không ch? ch?m sóc s?c kh?e c?ng ??ng b?ng nh?ng s?n ph?m ch?t l??ng, mà còn c?n ??ng hành, ki?n t?o và lan t?a giá tr? s?ng kh?e, s?ng xanh. M?i hành ??ng vì môi tr??ng hôm nay chính là li?u thu?c quý cho th? h? mai sau. Imexpharm luôn kiên ??nh ??t l?i ích c?ng ??ng và môi tr??ng làm n?n t?ng cho phát tri?n b?n v?ng – ?? '1.000 n?m sau hoa sen v?n n?’.”"
ABS: Th? tr??ng ti?p t?c xu h??ng tích c?c trong ng?n h?n và chuy?n d?n sang t?ng trung h?n,https://www.tinnhanhchungkhoan.vn/abs-thi-truong-tiep-tuc-xu-huong-tich-cuc-trong-ngan-han-va-chuyen-dan-sang-tang-trung-han-post363211.html,12/02/2025 06:44,"Nhìn v? tri?n v?ng th? tr??ng tháng 2, ABS k? v?ng th? tr??ng Vi?t Nam s? t?ng tr??ng nh? s?c m?nh n?i l?c.
Trong tháng 1, m?c dù s?n xu?t thu h?p m?t ph?n do y?u t? mùa v? các d?p l? t?t trong tháng, nh?ng tình hình v? mô v?n có ?i?m sáng t? các ho?t ??ng kinh t? ??i ngo?i v?i xu?t siêu tích c?c 3,03 t? USD, v?n FDI ??ng ký m?i t?ng tr??ng m?nh 48,6% so v?i cùng k? và s? l??ng du khách n??c ngoài t?ng tr??ng m?nh 36,9%.
Trong khi ?ó, Chính ph? quy?t tâm th?c hi?n m?c tiêu t?ng tr??ng GDP 8% cho n?m 2025 và ??t ra ch? tiêu t?ng tr??ng tín d?ng cao 16%, cùng nhi?u quy?t sách c?i cách th? ch? và thúc ??y ??u t? công ngay t? ??u n?m.
??i v?i cu?c chi?n thu? quan gi?a M? và các n??c, hi?n t?i ?ang ? giai ?o?n ??u và ngày càng gia t?ng c?ng th?ng khi chính quy?n ông Trump thông báo s? s?m công b? m?c áp thu? lên nhi?u n??c theo nguyên t?c có ?i có l?i trong vài ngày t?i. Tuy nhiên, ABS d? ki?n ?i?u này ch?a gây ?nh h??ng tiêu c?c ??n Vi?t Nam, th?m chí Vi?t Nam còn ???c h??ng l?i ph?n nào.
V? m?t ??nh giá, v?i k?t qu? kinh doanh quý IV/2024 ???c công b?, dù VN- Index có s? h?i ph?c trong 1 tháng v?a qua, nh?ng P/E c?a VN-Index cho 4 quý g?n nh?t ?ã gi?m t? 12,97x t?i ngày 09/01/2025 xu?ng 12,59x t?i ngày 06/02/2025, th?p h?n -1 ?? l?ch chu?n c?a ch? s? này trong 1 n?m qua.
Các c? phi?u v?n hóa l?n trong VN30 ?ang có ??nh giá P/E là 11,10x, th?p h?n nhi?u so v?i các c? phi?u v?n hóa v?a và nh? trong VNMID (16,41x) và VNSML (15,36x).
V?i các phân tích trên, ABS ?ã d? báo 2 k?ch b?n cho th? tr??ng trong tháng 2.
K?ch b?n 1 xác su?t cao khi trong nh?ng ngày ??u tháng 2, th? tr??ng di?n bi?n tích c?c và nhi?u c? phi?u ?ã có bi?u hi?n ho?c xác nh?n t?o ?áy. ABS d? báo th? tr??ng ti?p t?c xu h??ng tích c?c trong ng?n h?n và chuy?n d?n sang t?ng trung h?n. VN-Index ?i lên trong nghi ng? cho t?i khi bi?u ?? giá khung tu?n xác nh?n pha ?i lên trung h?n khi phá v? m?c kháng c? 1.284 – 1.310 ?i?m v?i thanh kho?n cao.
Trong k?ch b?n này, ABS ?? xu?t nhà ??u t? ti?p t?c mua gia t?ng t? tr?ng c? phi?u trên khung tu?n có xu h??ng t?ng. C? s? l?a ch?n c? phi?u là các c? phi?u có các khung th?i gian ngày - tu?n - tháng ??ng pha t?ng ?? gia t?ng s? an toàn và hi?u qu? trong ??u t? và giao d?ch. ?u tiên t? tr?ng v?i c? phi?u b?t ??u t?ng trên bi?u ?? tu?n ?? giao d?ch.
M?c h? tr? trong giao d?ch ng?n h?n t?i 1.237 – 1.340 ?i?m.
K?ch b?n 2 kém tích c?c h?n, th? tr??ng ch?a th? b?t phá qua kháng c? ? 1.284 – 1.310 ?i?m ?? xác nh?n ?i lên trung h?n mà s? ti?p t?c v?n ??ng tích c?c trong các b??c sóng t?ng ng?n h?n v?i biên ?? giá trung bình.
Trong tr??ng h?p này, nhà ??u t? c?n quan sát m?c h? tr? 1.237 – 1.240 ?i?m cho vi?c nâng h? t? tr?ng phù h?p, qu?n tr? giao d?ch. Khi ?ó các giao d?ch mua bán c?n ???c xem xét trong k?ch b?n h?i ph?c ng?n h?n c?a th? tr??ng và c? phi?u.
??i v?i các nhóm c? phi?u khuy?n ngh?, trong tháng 1/2025, nhóm phân tích ?ã khuy?n ngh? nhà ??u t? chú ý giao d?ch gia t?ng v?i nhóm: ??u t? công, b?t ??ng s?n khu công nghi?p, c?ng, công ngh?, d??c... ??n nay, các c? phi?u nhóm này v?n ?ang trong xu h??ng t?ng khá t?t, do ?ó, nhà ??u t? v?n ti?p t?c giao d?ch ho?c n?m gi? nhóm c? phi?u trên cho nh?p t?ng trung h?n.
Các ngành chú ý cho nh?p t?ng ti?p theo bao g?m các ngành có k?t qu? n?m 2024 r?t tích c?c và tri?n v?ng l?i nhu?n tích c?c trong n?m 2025 bao g?m: hóa ch?t - phân bón, cao su, c?ng bi?n, d?ch v? c?ng, b?t ??ng s?n th??ng m?i phía nam, bán l?... Ngoài ra, nhà ??u t? quan sát ?i?m mua ??i v?i nhóm th?c ph?m, v?t li?u xây d?ng, d?u khí, ?i?n..."
Hai y?u t? giúp doanh nghi?p d??c t?ng tr??ng kép,https://www.tinnhanhchungkhoan.vn/hai-yeu-to-giup-doanh-nghiep-duoc-tang-truong-kep-post357791.html,17/11/2024 06:58,"T?c ?? t?ng tr??ng trung bình 8%/n?m
Trong báo cáo phân tích tri?n v?ng ngành d??c, Công ty Ch?ng khoán R?ng Vi?t nh?n ??nh, hai y?u t? chính giúp ngành d??c Vi?t Nam duy trì t?ng tr??ng kép 8% trong dài h?n là xu h??ng già hoá dân s? và thu nh?p bình quân theo ??u ng??i t?ng lên.
S? li?u c?a T?ng c?c Th?ng kê cho th?y, s? ng??i trên 60 tu?i vào kho?ng 13 tri?u ng??i, t??ng ???ng 13,17% t?ng dân s? Vi?t Nam vào n?m 2022. Con s? này ???c d? báo s? t?ng lên 29,22 tri?u ng??i, chi?m 25,35% t?ng dân s? Vi?t Nam vào n?m 2050. V?i ng??i cao tu?i, các v?n ?? v? s?c kh?e s? xu?t hi?n nhi?u và nhu c?u s? d?ng các s?n ph?m thu?c cao h?n nh?ng ng??i ? ?? tu?i lao ??ng.
Ông ??ng Tr?n Ph?c, Ch? t?ch H?i ??ng qu?n tr? Công ty c? ph?n AzFin Vi?t Nam ?ánh giá, doanh nghi?p ngành d??c Vi?t Nam có s? t?ng tr??ng b?n v?ng, ??c bi?t ? nhóm doanh nghi?p s?n xu?t d??c ph?m khi nhu c?u thu?c t?i Vi?t Nam t?ng 10% m?i n?m.
?à t?ng tr??ng c?a ngành d??c trong dài h?n ??n t? c? hai kênh ETC (thu?c kê ??n, ??u th?u b?nh vi?n) và OTC (bán l?). Kênh ETC luôn chi?m ?u th? trong doanh thu ngành d??c.
Thu?c kê ??n ???c k? v?ng s? chi?m t? tr?ng ngày càng l?n trong t?ng doanh s? d??c ph?m trong nh?ng n?m t?i, nh? nhu c?u ch?a b?nh t?ng cao, vi?c tri?n khai b?o hi?m y t? qu?c gia, thu nh?p t?ng, c? s? h? t?ng ch?m sóc s?c kh?e t?t h?n và s? phát tri?n c?a thu?c g?c.
Doanh thu thu?c kê ??n ???c d? báo ??t 5,7 t? USD vào n?m 2025, chi?m t? tr?ng 76,6% t?ng doanh thu bán thu?c, v?i t?c ?? t?ng tr??ng kép (CAGR) giai ?o?n 2020 - 2025 là 8,4%.
Theo Fitch Solutions, doanh thu thu?c OTC s? ??t 2,2 t? USD vào n?m 2024, chi?m 23,6% t?ng doanh thu d??c ph?m. Các ??ng l?c cho kênh OTC trong nh?ng n?m t?i g?m vi?c Chính ph? khuy?n khích ??u t? t? nhân vào kênh OTC, ti?m n?ng m? r?ng các d?ch v? ch?m sóc s?c kh?e.
C? phi?u d??c ph?m ???c nhà ??u t? ??a vào nhóm phòng th? b?i ti?m n?ng t?ng tr??ng t?t, t? l? c? t?c duy trì ? m?c cao (D??c H?u Giang n?m 2023 chi c? t?c 75% ti?n m?t, Traphaco chi c? t?c t? l? 40%, PMC tr? c? t?c b?ng ti?n m?t t?ng t? l? 191%, Bidiphar duy trì m?c c? t?c t? 15 - 30% trong nhi?u n?m nay...).
T?i d? th?o Chi?n l??c qu?c gia phát tri?n ngành d??c ??n n?m 2030 và ??nh h??ng ??n n?m 2045, ngành d??c ??t m?c tiêu thu?c s?n xu?t trong n??c ?áp ?ng kho?ng 80% nhu c?u s? d?ng và 70% giá tr? th? tr??ng và s?n xu?t ???c 20% nguyên li?u cho s?n xu?t thu?c trong n??c.
Vi?t Nam ?ang ph?n ??u tr? thành trung tâm s?n xu?t d??c ph?m giá tr? cao trong khu v?c, v?i giá tr? xu?t kh?u ??t kho?ng 1 t? USD; ti?p nh?n chuy?n giao công ngh?, gia công có ph?i h?p chuy?n giao công ngh? s?n xu?t ít nh?t 100 thu?c bi?t d??c g?c, v?c-xin, sinh ph?m, bao g?m c? sinh ph?m t??ng t? và m?t s? thu?c mà Vi?t Nam ch?a s?n xu?t ???c.
M? r?ng c? h?i t? M&A
?? m? r?ng quy mô và nâng cao n?ng l?c ho?t ??ng, ?ón ??u các c? h?i t? th? tr??ng, các doanh nghi?p d??c ?ang tích c?c t?ng v?n, bán v?n cho nhà ??u t? chi?n l??c.
Ch?ng h?n, t?i Công ty c? ph?n D??c - Trang thi?t b? y t? Bình ??nh (Bidiphar, mã DBD), bên c?nh k? ho?ch thoái v?n nhà n??c (Qu? ??u t? và phát tri?n Bình ??nh ?ang n?m gi? 13,35% v?n t?i Bidiphar), Công ty d? ki?n chào bán 23,3 tri?u c? phi?u riêng l? cho c? ?ông chi?n l??c, v?i giá t?i thi?u 50.000 ??ng/c? phi?u, th?c hi?n trong giai ?o?n 2024 - 2025. Toàn b? s? v?n d? ki?n thu ???c s? dùng ?? b? sung v?n cho hai d? án nhà máy m?i t?i Khu kinh t? Nh?n H?i.
Bidiphar là doanh nghi?p tiên phong s?n xu?t thu?c ung th? t?i Vi?t Nam, ??ng Top 1 th? ph?n thu?c ung th?, Top 2 th? ph?n dung d?ch th?m phân và t? tr?ng l?n thu?c kháng sinh t?i b?nh vi?n. Công ty ?ang qu?n lý, v?n hành hai nhà máy s?n xu?t thu?c, v?i 15 dây chuy?n s?n xu?t.
Giai ?o?n 2024 - 2029, Công ty s? ti?p t?c xây d?ng 2 nhà máy ?áp ?ng tiêu chu?n EU-GMP/WHO-GMP; trong ?ó, nhà máy s?n xu?t thu?c vô trùng th? tích nh? có v?n ??u t? 840 t? ??ng, công su?t thi?t k? 120 tri?u s?n ph?m/n?m và nhà máy s?n xu?t thu?c r?n d?ng u?ng (OSD) Non-Betalactam có v?n ??u t? 850 t? ??ng, công su?t thi?t k? 1,3 t? s?n ph?m/n?m.
Thông tin ???c Bidiphar chia s? t?i cu?c g?p g? nhà ??u t? h?i tháng 9 v?a qua, hi?n Công ty ?ang ?àm phán v?i 4 nhà ??u t? trong n??c và qu?c t?, ?u tiên tiêu chí tìm ki?m ??i tác chi?n l??c.
V? k?t qu? kinh doanh, quý III/2024, Bidiphar ghi nh?n doanh thu thu?n 452,4 t? ??ng, l?i nhu?n tr??c thu? 80,1 t? ??ng, l?n l??t t?ng 10% và 5% so v?i cùng k? n?m 2023.
Lu? k? 9 tháng ??u n?m 2024, Công ty ??t doanh thu h?n 1.269 t? ??ng, l?i nhu?n tr??c thu? 246 t? ??ng, l?n l??t t?ng 5,1% và gi?m 3% so v?i cùng k?. Bidiphar k? v?ng, n?m nay, doanh thu ??t 1.758 t? ??ng, l?i nhu?n sau thu? ??t 281 t? ??ng.
Hi?n có t?i 94% thu?c ?i?u tr? ung th? t?i Vi?t Nam là nh?p kh?u, do v?y d? ??a t?ng tr??ng thu?c t? s?n xu?t trong n??c c?a Bidiphar còn l?n, nh?t là khi Công ty có l?i th? d?n ??u trong phân khúc s?n ph?m này và chính sách c?a B? Y t? là ?u tiên s? d?ng thu?c s?n xu?t trong n??c trong c? c?u ??u th?u thu?c kênh b?nh vi?n.
Công ty c? ph?n D??c H?u Giang (mã DHG) - doanh nghi?p ??u ngành d??c c?ng ??u t? thêm nhà máy ??t chu?n Japan - GMP, v?i t?ng m?c ??u t? 700 t? ??ng, giúp t?ng công su?t c?a doanh nghi?p thêm 25% so v?i tr??c ?ó.
Nhà máy này d? ki?n v?n hành t? quý IV/2024. V?i vi?c xây d?ng nhà máy ??t chu?n Japan - GMP, D??c H?u Giang s? gia t?ng kh? n?ng c?nh tranh khi ??u th?u ? nhóm thu?c 1 - 2 t?i kênh ETC. Hi?n doanh thu kênh ETC c?a D??c H?u Giang ?ang chi?m kho?ng 11% t?ng doanh thu c?a Công ty và có xu h??ng gia t?ng.
Lu? k? 9 tháng ??u n?m 2024, D??c H?u Giang ghi nh?n doanh thu 3.426 t? ??ng, l?i nhu?n tr??c thu? 637 t? ??ng. L?i nhu?n tài chính s?t gi?m là lý do l?i nhu?n 9 tháng ??u n?m nay c?a Công ty gi?m 26,5% so v?i cùng k? n?m ngoái, dù doanh thu ch? gi?m 1,5%.
N?m nay, D??c H?u Giang ??t m?c tiêu ??t doanh thu 5.200 t? ??ng, l?i nhu?n tr??c thu? 1.080 t? ??ng, t?ng 3,7% v? doanh thu nh?ng gi?m 6,8% v? l?i nhu?n so v?i n?m ngoái.
Công ty Ch?ng khoán ACB d? báo, D??c H?u Giang có th? ??t k?t qu? cao h?n so v?i k? ho?ch, v?i doanh thu ??c ??t 5.205 t? ??ng và l?i nhu?n sau thu? ??c ??t 1.089 t? ??ng. Kênh nhà thu?c s? ti?p t?c ?em l?i ph?n l?n doanh thu cho D??c H?u Giang. Thu?c kháng sinh, gi?m ?au - h? s?t v?n là nh?ng nhóm s?n ph?m ch? ch?t.
Công ty c? ph?n Traphaco (mã TRA) có tri?n v?ng t?ng tr??ng t?t trong n?m nay. Traphaco là doanh nghi?p s?n xu?t ?ông d??c l?n nh?t Vi?t Nam, ?ang v?n hành m?t nhà máy chi?t xu?t d??c li?u ??t chu?n GMP và 3 nhà máy s?n xu?t ??t tiêu chu?n GPs-WHO v?i 30.000 khách hàng nhà thu?c l?n trên th? tr??ng; trong ?ó có h? th?ng chu?i nhà thu?c Long Châu, Pharmacity, An Khang.
Traphaco có k? ho?ch ??y m?nh ho?t ??ng c?a Phòng Nghiên c?u và Phát tri?n (R&D) ?ông d??c và ngoài ?ông d??c; ??u t? nâng c?p dây chuy?n cho Nhà máy ?ông d??c t?i Traphaco CNC; ?ánh giá kh? thi vi?c ??u t? Nhà máy GMP-EU t?i Traphaco H?ng Yên và ti?p t?c ??y m?nh ho?t ??ng chuy?n giao công ngh? t? ??i tác Daewoong Hàn Qu?c, l?a ch?n s?n ph?m xu?t kh?u sang các n??c trong khu v?c ?ông Nam Á.
Trong ng?n h?n, l?i nhu?n quý III/2024 c?a Traphaco ghi nh?n gi?m 37,85% so v?i cùng k? n?m ngoái. Theo gi?i trình c?a Công ty, l?i nhu?n gi?m là do doanh thu kênh OTC không ??t k? ho?ch (?ây v?n là m?ng chính, ?em l?i l?i nhu?n t?t cho doanh nghi?p). Thêm vào ?ó, do lãi su?t ti?t ki?m ngân hàng gi?m m?nh, khi?n doanh thu tài chính trong k? gi?m 5 t? ??ng.
Nhìn v? dài h?n, ngành d??c Vi?t Nam ???c ?ánh giá có ti?m n?ng t?ng tr??ng cao, d? ??a phát tri?n l?n.
C? phi?u d??c ph?m ???c nhà ??u t? ??a vào nhóm phòng th? b?i ti?m n?ng t?ng tr??ng t?t, t? l? c? t?c duy trì ? m?c cao (D??c H?u Giang n?m 2023 chi c? t?c 75% ti?n m?t, Traphaco chi c? t?c t? l? 40%, PMC tr? c? t?c b?ng ti?n m?t t?ng t? l? 191%, Bidiphar duy trì m?c c? t?c t? 15 - 30% trong nhi?u n?m nay...)."
"""Li?u thu?c"" t?ng tr??ng b?n v?ng ngành y d??c",https://www.tinnhanhchungkhoan.vn/lieu-thuoc-tang-truong-ben-vung-nganh-y-duoc-post354820.html,30/09/2024 14:14,"C?i nút th?t, thu hút ??u t?
T?i h?i th?o “??i m?i sáng t?o: Li?u thu?c t?ng tr??ng b?n v?ng ngành y d??c” do Báo ??u t? t? ch?c ngày 25/9/2024, các nhà qu?n lý, chuyên gia, doanh nghi?p trong ngành ?ã th?o lu?n, phân tích v? th?c tr?ng ??i m?i sáng t?o ngành y d??c Vi?t Nam, các xu h??ng phát tri?n trong khu v?c và trên th? gi?i, t?m quan tr?ng c?a ??i m?i sáng t?o ??i v?i s? phát tri?n b?n v?ng c?a ngành và nh?ng ??ng l?c m?i cho giai ?o?n t?i.
Theo Th? tr??ng B? Y t? ?? Xuân Tuyên, n?m 2024 là m?t n?m then ch?t v?i vi?c rà soát, s?a ??i các lu?t và quy ??nh quan tr?ng ??nh hình ho?t ??ng c?a ngành y d??c trong m?t th?p k? t?i, góp ph?n thúc ??y ??u t? h? th?ng y t? b?n v?ng và ki?n t?o m?t h? sinh thái thu?n l?i thúc ??y ??i m?i sáng t?o.
“Th?c hi?n ch? tr??ng c?a ??ng, Chính ph? và ?? ?ón ??u nhi?u c? h?i phát tri?n trong t??ng lai và s?n sàng ?ón nh?n, thu hút ??u t? t? các ngành công nghi?p d??c hi?n ??i trên th? gi?i theo ?úng ??nh h??ng và m?c tiêu c?a ngành d??c, B? Y t? ?ang rà soát, s?a ??i Lu?t D??c ?? trình Qu?c h?i xem xét. ??nh h??ng là thu hút ??u t? phát tri?n các ho?t ??ng nghiên c?u phát tri?n công ngh?, s?n xu?t ho?c chuy?n giao công ngh? ?? s?n xu?t d??c ch?t, thu?c m?i, thu?c bi?t d??c g?c, thu?c hi?m, thu?c generic ??u tiên, thu?c công ngh? cao, v?c-xin và sinh ph?m, thu?c là s?n ph?m t? máu và huy?t t??ng... c?a các t?p ?oàn d??c ph?m n??c ngoài t?i Vi?t Nam nh?m ch? ??ng, phát tri?n b?n v?ng s?n xu?t trong n??c, ??ng th?i thúc ??y các ho?t ??ng xu?t kh?u ??n các th? tr??ng tiên ti?n”, ông Tuyên cho bi?t.
M?t trong nh?ng tr?ng tâm trong vi?c s?a ??i th? ch? ngành d??c là ??y m?nh thu hút ??u t? n??c ngoài. Ông Darrell Oh, Ch? t?ch Pharma Group, Eurocham - ??n v? ??i di?n cho 21 công ty thành viên ??n t? các qu?c gia châu Âu t?i Vi?t Nam cho r?ng, v?n ?? quan tr?ng là y?u t? chính sách, không ch? B? Y t? mà các c? quan khác liên quan t?i ??u t? tr?c ti?p n??c ngoài c?n thúc ??y ho?t ??ng ??u t?. Ngu?n l?c qu?c t? có th? giúp gi?m gánh n?ng v? ti?p c?n thu?c, t?ng c??ng uy tín cho Vi?t Nam trong khu v?c trong l?nh v?c y t?, th?m chí có th? giúp Vi?t Nam tr? thành l?a ch?n c?a ng??i b?nh t?i khu v?c ?ông Nam Á.
“Tôi nh?n th?y có 3 y?u t? chính mà Vi?t Nam có th? h?c h?i. Th? nh?t là chi?n l??c rõ ràng, t?p trung c? th? vào ??i m?i sáng t?o, phát tri?n s?n ph?m, d?ch v? giá tr? cao. Th? hai là ??n gi?n hoá th? t?c thông qua các chính sách và thu hút ??u t?. Th? ba là th? ch? c? th?, có ban ch? ??o c?p qu?c gia”, ông Darrell Oh khuy?n ngh?.
V? thu hút ??u t? n??c ngoài, ông V? V?n Chung, Phó c?c tr??ng C?c ??u t? n??c ngoài, B? K? ho?ch và ??u t? cho hay, ??u t? n??c ngoài l?nh v?c y t? t?i Vi?t Nam còn khiêm t?n, hi?n ch? có kho?ng 160 d? án, giá tr? ký k?t kho?ng 1,8 t? USD và có m?t t?i 13 t?nh, thành ph?, t?p trung vào các vùng có ?i?u ki?n kinh t? - xã h?i t?t nh? Hà N?i, TP.HCM, ?à N?ng.
“Trong thu hút ??u t? ngành d??c, ?i?u ki?n kinh t? - xã h?i có tác ??ng l?n. Hi?n t?i, thu nh?p c?a ng??i dân ?ã b??c sang giai ?o?n thu nh?p trung bình, các ?i?u ki?n ???c c?i thi?n, n?ng l?c c?a doanh nghi?p Vi?t Nam ?ã chuy?n bi?n, phát tri?n m?nh m?, g?n ?ây xu th? ??u t? các d? án, t? h?p, khu công nghi?p, chuyên thu hút ??u t? y d??c ?ã hình thành. Các ngu?n l?c và ?i?u ki?n s? ???c rà soát và có th? t?o ra ??t phá trong thu hút ??u t? vào ngành y d??c”, ông Chung nói.
??nh h??ng s?a ??i trong Lu?t D??c ???c ông Tr?nh L??ng Ng?c, lu?t s? thành viên Vilaf ?ánh giá có tác ??ng tích c?c theo hai h??ng. Th? nh?t, vi?c ??n gi?n hoá th? t?c hành chính, c?p gi?y phép l?u hành... làm doanh nghi?p d? dàng h?n trong vi?c ??ng ký s?n ph?m d??c, ??a s?n ph?m ra th? tr??ng nhanh h?n, ?i?u này giúp giá thu?c có th? t?t h?n, ng??i dân có th? ti?p c?n thu?c ch?t l??ng cao. Th? hai, vi?c doanh nghi?p n??c ngoài có th? s?n xu?t, chuy?n giao s?n ph?m cho doanh nghi?p trong n??c mang ý ngh?a khuy?n khích nhà ??u t? n??c ngoài làm vi?c nhi?u h?n v?i doanh nghi?p trong n??c. ?ây là c? h?i ?? doanh nghi?p trong n??c h?c h?i và s?n xu?t s?n ph?m m?i.
“Nhà ??u t? n??c ngoài không ch? chú tr?ng t?i ?u ?ãi ??u t?. Khi quy?t ??nh ??u t?, h? quan tâm t?i vi?c ph?i h?p, tháo g? v??ng m?c gi?a các ??n v?, gi?a trung ??ng và ??a ph??ng, b?i d? án có th? kéo dài vài n?m m?i tri?n khai ???c”, ông Ng?c nh?n m?nh.
Bà Bùi Th? Vi?t Lâm, ??i di?n Qu?c gia, USABC Vi?t Nam cho r?ng, n?u gi?i quy?t ???c các nút th?t s? t?o ra s?c hút ??u t? l?n v?i dòng v?n n??c ngoài vào Vi?t Nam, xem xét m? các c? s? s?n xu?t t?i Vi?t Nam.
“Chúng tôi k? v?ng, Lu?t s?a ??i, b? sung m?t s? ?i?u c?a Lu?t D??c 2016 s? c?i b? ???c ba nút th?t cho doanh nghi?p là ti?p c?n th? tr??ng, th? t?c hành chính và chính sách ?u ?ãi. V?i v?n ?? ti?p c?n th? tr??ng, hi?n nay ?? m?t s?n ph?m thu?c m?i vào th? tr??ng c?n m?t 3 n?m, ?? vào nhóm thu?c dành cho b?nh nhân b?o hi?m y t? c?n thêm 3 - 4 n?m, nh? v?y trung bình m?t g?n 7 n?m ?? ng??i dân ti?p c?n thu?c m?i. Vòng ??i ?? s?n xu?t, th? nghi?m ??a vào th? tr??ng quá lâu ?nh h??ng ??n chi phí s?n xu?t c?a doanh nghi?p”, bà Lâm chia s?.
?i t?t ?ón ??u nh? công ngh?
Trong 4 y?u t? g?m ??i m?i v? t? duy, ??i m?i cách ti?p c?n, ??i m?i công ngh? và ??u t?, thì ??i m?i t? duy là quan tr?ng nh?t, quy?t ??nh các y?u t? còn l?i.
V? xu h??ng ??i m?i sáng t?o ngành y d??c trên th? gi?i và Vi?t Nam, ông Lê Minh Sang, chuyên gia cao c?p Ngân hàng Th? gi?i t?i Vi?t Nam nh?n xét, xu h??ng l?n hi?n nay là chuy?n ??i s? trong y t?, trao quy?n nhi?u cho ng??i b?nh, ??t ng??i b?nh vào trung tâm.
Trong khi ?ó, bà Bùi Th? Vi?t Lâm cho bi?t, xu h??ng ?ang tr?i d?y m?nh m? trong ngành y t? là d??c ph?m sinh h?c, v?i s? xu?t hi?n nh?ng phát ki?n m?i trong công ngh? sinh h?c. Công ngh? m?i v? gen, t? bào, ch?nh s?a gen t?o ti?m n?ng vô h?n trong phát tri?n.
“Ngành d??c Vi?t Nam có th? ?i t?t ?ón ??u nh? công ngh?. Công ngh? trí tu? nhân t?o (AI), d? li?u… s? giúp nh?ng n??c m?i gia nh?p th? tr??ng nh? Vi?t Nam có c? h?i ?i nhanh h?n trong l?nh v?c công ngh? sinh h?c, thay vì m?t hàng ch?c n?m”, bà Lâm nh?n m?nh.
Theo ông Nguy?n Vi?t Nhung, Phó ch? t?ch T?ng h?i Y h?c Vi?t Nam, ? góc ?? ??i m?i sáng t?o, c?n nhìn nh?n 4 y?u t?, bao g?m ??i m?i v? t? duy, ??i m?i cách ti?p c?n, ??i m?i công ngh? và ??u t?. Trong ?ó, ??i m?i t? duy là quan tr?ng nh?t, quy?t ??nh các y?u t? còn l?i.
“M?t xu h??ng c? th? gi?i và Vi?t Nam ?ang ?i t?i là ch?m sóc y t? toàn di?n d?a trên công ngh? xanh. Chúng ta ?ang ti?p c?n ?i?u này. Ch?m sóc toàn di?n c?n y t? s?, ??u t?, chuy?n giao công ngh? có ch?n l?c”, ông Nhung nói.
Bà Bùi Th? Vi?t Lâm nh?n ??nh, Vi?t Nam có c? h?i ?? tr? thành trung tâm ??i m?i sáng t?o y d??c toàn c?u, nh?ng c?n có ??t phá chính sách và s?n sàng v? ngu?n l?c ch?t l??ng. ?? ??t ???c ?i?u này, ngoài y?u t? chính sách c?n chú ý ??n ngu?n nhân l?c, n?ng su?t lao ??ng cao nh?t.
Th?c t?, th? tr??ng d??c ph?m Vi?t Nam có ti?m n?ng l?n, v?i t?c ?? t?ng tr??ng bình quân hai con s? hàng n?m. Không ít doanh nghi?p thành viên c?a USABC Vi?t Nam ?ã thành l?p c? s? s?n xu?t, h?p tác v?i các ??i tác trong n??c ?? chuy?n giao công ngh?, ??ng hành v?i các nhà ho?ch ??nh chính sách trong n? l?c thu hút ??u t? n??c ngoài, chuy?n giao công ngh? v? y d??c.
Vi?t Nam ??t m?c tiêu xây d?ng ngành công nghi?p d??c trong n??c ??t m?c ?? phát tri?n ? trình ?? cao, ??t c?p ?? 4 theo thang phân lo?i c?a T? ch?c Y t? Th? gi?i, có giá tr? th? tr??ng trong Top 3 t?i ASEAN, góp ph?n b?o ??m cung ?ng ??, k?p th?i thu?c có ch?t l??ng, an toàn, hi?u qu? và giá h?p lý, tr? thành trung tâm d??c ph?m giá tr? cao trong khu v?c vào n?m 2030 và ??n n?m 2045, t?ng giá tr? ngành công nghi?p d??c ?óng góp vào GDP trên 20 t? USD."
Th? tr??ng B? Y t?: Chúng tôi ?? xu?t nh?ng ?u tiên cho vi?c s?n xu?t thu?c t?i Vi?t Nam,https://www.tinnhanhchungkhoan.vn/thu-truong-bo-y-te-chung-toi-de-xuat-nhung-uu-tien-cho-viec-san-xuat-thuoc-tai-viet-nam-post354543.html,25/09/2024 09:49,"Ngày 25/9/2024, Báo ??u t? t? ch?c H?i th?o: “??i m?i sáng t?o - Li?u thu?c phát tri?n ngành y d??c” v?i s? hi?n di?n c?a các nhà ho?ch ??nh chính sách, ??i di?n các t? ch?c qu?c t?, các chuyên gia hàng ??u cùng lãnh ??o doanh nghi?p trong n??c và qu?c t?. H?i th?o ?ã t?o di?n ?àn m? trao ??i v? nh?ng gi?i pháp, nh?ng ??ng l?c cho ??i m?i sáng t?o ngành y d??c trong giai ?o?n m?i, giúp phát tri?n b?n v?ng ngành y t?, và t?ng c??ng ti?p c?n y t? ch?t l??ng cao cho ng??i dân.
Phát bi?u t?i H?i th?o, ông ?? Xuân Tuyên, Th? tr??ng B? Y t? cho bi?t, 2024 là m?t n?m then ch?t v?i vi?c rà soát, s?a ??i các lu?t và quy ??nh quan tr?ng ??nh hình ho?t ??ng c?a ngành y d??c trong m?t th?p k? t?i ?ây, góp ph?n thúc ??y ??u t? h? th?ng y t? b?n v?ng, và ki?n t?o m?t h? sinh thái thu?n l?i thúc ??y ??i m?i sáng t?o.
“Nhi?m v? tr?ng tâm là hoàn thi?n th? ch?. N?m 2024, các b?, ngành ph?i rà soát t?t c? các v?n b?n pháp lu?t ?? có h? th?ng pháp lu?t ??ng b?, ?? các nhà qu?n lý, doanh nghi?p, các thành viên th? tr??ng… c?n c? vào ?ó t? ch?c th?c hi?n. Trong nh?ng n?m c?a nhi?m k? này, B? Y t? xác ??nh kh?i l??ng khá l?n công vi?c, bao g?m vi?c s?a ??i, b? sung 3 lu?t c?t lõi là Lu?t Khám ch?a b?nh, Lu?t s?a ??i, b? sung m?t s? ?i?u Lu?t B?o hi?m y t?, Lu?t D??c,...trong ?ó ph?i nói ??n Lu?t s?a ??i b? sung m?t s? ?i?u c?a Lu?t D??c 2016… Chính ph? s? trình vào k? h?p qu?c h?i tháng 10 này”, ông Tuyên cho bi?t.
Ông ?? Xuân Tuyên, Th? tr??ng B? Y t? phát bi?u t?i H?i th?o
?áng chú ý, th?i gian ?ang r?t g?p gáp v?i kh?i l??ng công vi?c l?n. Ông Tuyên cho bi?t, n?m 2021, Th? t??ng Chính ph? ?ã phê duy?t Quy?t ??nh 376/Q?-TTg v? Ch??ng trình phát tri?n công nghi?p d??c, d??c li?u s?n xu?t trong n??c giai ?o?n 2030-2045 v?i quan ?i?m phát tri?n: Thu hút ??u t? n??c ngoài ?? s?n xu?t: thu?c phát minh còn b?n quy?n, thu?c chuyên khoa ??c tr?, thu?c generic có d?ng bào ch? công ngh? cao, v?c xin, sinh ph?m tham chi?u, sinh ph?m t??ng t?....
Ngày 09/10/2023, Th? t??ng Chính ph? ?ã phê duy?t Quy?t ??nh 1165/Q?-TTg v? Chi?n l??c qu?c gia phát tri?n ngành D??c Vi?t Nam giai ?o?n ??n n?m 2030 và t?m nhìn ??n n?m 2045 ??t ra các m?c tiêu: “Phát tri?n ngành d??c Vi?t Nam ngang t?m các n??c tiên ti?n trong khu v?c, nâng cao n?ng l?c nghiên c?u và ?ng d?ng công ngh? s?n có ?? s?n xu?t thu?c bi?t d??c g?c, thu?c có d?ng bào ch? m?i, hi?n ??i, h??ng t?i tr? thành trung tâm s?n xu?t gia công/chuy?n giao công ngh? các thu?c bi?t d??c g?c c?a khu v?c ASEAN, ph?n ??u phát tri?n n?n công nghi?p d??c trong n??c ??t c?p ?? 4 theo phân lo?i c?a WHO...”.
Th?c hi?n ch? tr??ng c?a ??ng, Chính ph? và ?? ?ón ??u nhi?u c? h?i phát tri?n trong t??ng lai và s?n sàng ?ón nh?n, thu hút ??u t? t? các ngành công nghi?p d??c hi?n ??i trên th? gi?i theo ?úng ??nh h??ng và m?c tiêu c?a ngành D??c, B? Y t? c?ng ?ang rà soát, s?a ??i Lu?t D??c ?? trình Qu?c h?i xem xét v?i ??nh h??ng thu hút ??u t? phát tri?n các ho?t ??ng nghiên c?u phát tri?n công ngh?, s?n xu?t ho?c chuy?n giao công ngh? ?? s?n xu?t d??c ch?t, thu?c m?i, thu?c bi?t d??c g?c, thu?c hi?m, thu?c generic ??u tiên, thu?c công ngh? cao, v?c xin và sinh ph?m, thu?c là s?n ph?m t? máu và huy?t t??ng,...c?a các t?p ?oàn d??c ph?m n??c ngoài t?i Vi?t Nam nh?m ch? ??ng, phát tri?n b?n v?ng s?n xu?t trong n??c ??ng th?i thúc ??y các ho?t ??ng xu?t kh?u ??n các th? tr??ng tiên ti?n.
“V? thu?c, tr??c tiên ph?i có nguyên li?u làm thu?c, mà v?i hoá d??c, Vi?t Nam ?ang nh?p kh?u 80%, nh?ng có ti?m l?c l?n v? vùng nguyên li?u. Ngu?n nhân l?c, con ng??i trong ngành s?n xu?t thu?c c?ng r?t s?n sàng. Theo các quy ??nh s?a ??i, chúng tôi ?? xu?t nh?ng ?u tiên cho vi?c s?n xu?t thu?c t?i Vi?t Nam, bao g?m vi?c ?u tiên c?p gi?y phát hành, ?u tiên n?m trong danh sách thu?c ???c ban hành…”, ông Tuyên chia s?.
V?i m?c tiêu trên, H?i th?o ngày hôm nay s? m? ??u cho các chu?i s? ki?n truy?n thông, k?t n?i m? r?ng h?p h?p tác nh?m thúc ??y ho?t ??ng nghiên c?u phát tri?n công ngh?, s?n xu?t ho?c chuy?n giao công ngh? s?n xu?t nguyên li?u làm thu?c, thu?c g?c, thu?c ch?t l??ng cao theo ?úng chi?n l??c, ch? tr??ng c?a ngành d??c và Chính ph? v? phát tri?n l?nh v?c công nghi?p d??c Vi?t Nam.
“?ây c?ng là c? h?i ?? B? Y t? Vi?t Nam tìm hi?u, ti?p nh?n các ý ki?n ?? vi?c hoàn thi?n các v?n b?n ??nh h??ng nh? s?a ??i Lu?t D??c và các v?n b?n h??ng d?n ?? ??m b?o tính phù h?p, kh? thi và ?úng ch? tr??ng c?a Chính ph?”, ông Tuyên cho bi?t."
"TP.HCM: N? l?c ""m? toang c?a"" thu hút d? án s?n xu?t thu?c ch?a b?nh, v?c-xin, v?t t? y t?",https://www.tinnhanhchungkhoan.vn/tphcm-no-luc-mo-toang-cua-thu-hut-du-an-san-xuat-thuoc-chua-benh-vac-xin-vat-tu-y-te-post353253.html,07/09/2024 17:36,"Quy?t ??a Khu công nghi?p chuyên ngành Y - D??c ho?t ??ng t? n?m 2030
Khu công nghi?p chuyên ngành Y - D??c c?a TP.HCM ???c l?p t?i Khu công nghi?p Lê Minh Xuân 2 ( có di?n tích 338 ha- t?i xã Lê Minh Xuân, huy?n Bình Chánh). ?ây s? là n?i trung tâm nghiên c?u phát tri?n và ??i m?i sáng t?o v? l?nh v?c y d??c; t?p trung các c? s? s?n xu?t, kinh doanh s?n ph?m chuyên ngành y d??c và s?n ph?m ph? tr? thu?c phân khúc k? thu?t cao; trung tâm giao d?ch v? các s?n ph?m chuyên ngành y d??c và s?n ph?m ph? tr?.
Nh?m hoàn thi?n tính pháp lý, thúc ??y hình thành và phát tri?n khu công nghi?p này, Thành ph? ?ã có nhi?u ""'??ng tác"" m?nh ?? tháo g? nh?ng khó kh?n, v??ng m?c c?a Khu công nghi?p Lê Minh Xuân 2 nh? ch?m d?t H?p ??ng h?p tác; rà soát, th?c hi?n vi?c kê khai, s?p x?p l?i, x? lý ??i v?i tài s?n công, s?p x?p, x? lý ph?n di?n tích ??t nông tr??ng theo quy ??nh; tham m?u quy trình và th?c hi?n l?a ch?n nhà ??u t?.
M?t khác, Thành ph? ?ã có các bu?i làm vi?c v?i C?c Qu?n lý D??c - B? Y t? và ?oàn công tác c?a Ban ch? ??o Ch??ng trình 376 ?? ??t ???c s? ??ng thu?n và ?? xu?t trình Th? t??ng Chính ph? phê duy?t d? án Khu công nghi?p chuyên ngành Y - D??c thu?c các D? án tr?ng ?i?m kêu g?i ??u t?.
Bên c?nh ?ó, Thành ph? c?ng ?? xu?t thành l?p B? ph?n Th??ng tr?c c?a B? Y t? t?i Khu công nghi?p chuyên ngành Y - D??c ?? ??y m?nh c?i cách th? t?c hành chính, t?o c? ch? thu?n l?i cho doanh nghi?p và rút ng?n th?i gian gi?i quy?t h? s? c?p gi?y ch?ng nh?n ?? ?i?u ki?n kinh doanh, c?p gi?y ??ng ký l?u hành s?n ph?m.
Theo UBND TP.HCM, v?i hàng lo?t gi?i pháp trên, d? ki?n Khu công nghi?p chuyên ngành Y - D??c s? hoàn thi?n c? s? h? t?ng và ??a vào ho?t ??ng t? n?m 2030. Thành ph? hy v?ng, v?i các chính sách h? tr? ??c bi?t t? Chính ph?, B? Y t? và UBND TP.HCM s? thúc ??y, t?o ?i?u ki?n cho doanh nghi?p ??a s?n ph?m ra th? tr??ng trong th?i gian s?m nh?t ph?c v? công tác cung ?ng thu?c có ch?t l??ng cao, ?áp ?ng nhu c?u ?i?u tr?.
Hi?n, Thành ph? có h?n 30 nhà máy d??c ph?m ??t chu?n GMP - WHO (h??ng d?n th?c hành s?n xu?t thu?c t?t c?a T? ch?c Y t? Th? gi?i - WHO). Nh?ng nhà máy này phân b? ch? y?u t?i các khu ch? xu?t, khu công nghi?p, ch? y?u s?n xu?t theo công th?c t? nh?ng thu?c ?ã h?t h?n b?n quy?n ?? cung c?p cho th? tr??ng trong n??c và xu?t kh?u.
H? tr? lãi vay ?? thu hút ??u t? y t?
?? thu hút nhà ??u t? s?n xu?t, nghiên c?u thu?c, v?c-xin, các trung tâm ki?m nghi?m, trung tâm nghiên c?u và phát tri?n ?? nghiên c?u thu?c, TP.HCM c?ng ?ang tri?n khai chính sách h? tr? lãi su?t ??i v?i các d? án ??u t? ???c Công ty ??u t? tài chính Nhà n??c Thành ph? (HFIC) cho vay thu?c l?nh v?c ?u tiên phát tri?n kinh t? - xã h?i trên ??a bàn Thành ph?.
Theo ?ó, các d? án s?n xu?t thu?c ch?a b?nh cho ng??i, v?c xin, v?t t? y t? s? ???c Thành ph? h? tr? toàn b? lãi vay. Ngoài ra, h? tr? doanh nghi?p tham gia liên k?t chu?i giá tr? trong ngành D??c, các s?, ngành TP.HCM c?ng ?ang hoàn thi?n k? ho?ch và d? toán kinh phí h? tr? doanh nghi?p nh? và v?a n?m 2024 và giai ?o?n 2024 - 2026.
Liên t?c ki?n ngh? tháo ?i?m ngh?n c? ch? ??c thù
Theo UBND TP.HCM, trong v? l?nh v?c y t?, v?i c? ch? ??c thù theo tinh th?n Ngh? quy?t s? 98/2023/QH15 ngày 24/6/2023 và Ngh? ??nh s? 84/2024/N?-CP v? thí ?i?m phân c?p qu?n lý nhà n??c m?t s? l?nh v?c cho chính quy?n TP.HCM, Thành ph? ?ã ch? ??ng h?n trong vi?c nh?p kh?u thu?c cho nhu c?u ?i?u tr? ??c bi?t c?a các c? s? y t? trên ??a bàn, ?áp ?ng k?p th?i yêu c?u phòng ch?ng d?ch b?nh và các nhu c?u kh?n c?p khác, ??c bi?t ??i v?i các thu?c hi?m, thu?c c?p c?u.
Tuy v?y v?n còn nhi?u ""?i?m ngh?n"" bu?c TP.HCM liên t?c có ki?n ngh? ??n Qu?c h?i, ?y ban Th??ng v? Qu?c h?i, Chính ph?, B? Y t? gi?i quy?t hà ng lo?t v??ng m?c khó kh?n nh?: B? sung vào danh m?c thu?c ???c thanh toán b?o hi?m 76 ho?t ch?t, thay ??i c?p chuyên môn k? thu?t 19 ho?t ch?t, thay ??i t? l? thanh toán: 29 ho?t ch?t và thay ??i ?i?u ki?n thanh toán 29 ho?t ch?t nh?m t?o thu?n l?i cho ng??i dân trong vi?c ???c thanh toán b?o hi?m y t?. ??ng th?i, Thành ph? c?ng ti?p t?c ?? xu?t b? sung m?t s? thu?c ch?m sóc s?c kh?e tâm th?n c?ng ??ng ???c h??ng b?o hi?m y t? t?i Tr?m y t?.
B? sung các lo?i hình kinh doanh d??c phù h?p v?i th?c t? phát tri?n kinh t? xã h?i (kinh doanh d??c theo hình th?c th??ng m?i ?i?n t?, kinh doanh d?ch v? v?n chuy?n thu?c).
S?a ??i các quy ??nh v? th? t?c ??ng ký thu?c ?? rút ng?n th?i gian c?p gi?y ??ng ký l?u hành thu?c ??i v?i thu?c m?i ??ng ký l?n ??u theo h??ng tham chi?u k?t qu? th?m ??nh, c?p phép l?u hành c?a c? quan qu?n lý d??c ch?t ch? (SRA); S?a ??i quy ??nh v? gia h?n s? ??ng ký thu?c t? ??ng trong tr??ng h?p thu?c ??m b?o tính an toàn, hi?u qu? trong quá trình l?u hành và không có báo cáo ph?n ?ng có h?i nghiêm tr?ng.
S?a ??i các quy ??nh v? ??ng ký thu?c c? truy?n, ?u tiên c?t gi?m, ??n gi?n th? t?c h? s? ch?ng minh ngu?n g?c xu?t x? công th?c thu?c và hi?u qu? lâm sàng ??i v?i các thu?c s?n xu?t d?a trên bài thu?c gia truy?n ???c th?c ti?n ch?ng minh hi?u qu? ?i?u tr? ho?c các thu?c ?ã có l?ch s? kinh doanh lâu dài và ??m b?o tính an toàn, hi?u qu?.
S?a ??i quy ??nh v? thanh toán thu?c cho ng??i có Th? b?o hi?m y t?, tính ?úng, tính ?? các chi phí phát sinh trong quá trình mua s?m, b?o qu?n, c?p phát thu?c t?i c? s? y t?."
"S?a Lu?t D??c: D? án ??u t? t? 3.000 t? ??ng ???c ?u ?ãi, h? tr? ??c bi?t",https://www.tinnhanhchungkhoan.vn/sua-luat-duoc-du-an-dau-tu-tu-3000-ty-dong-duoc-uu-dai-ho-tro-dac-biet-post351421.html,12/08/2024 12:00,"Ch? nhi?m U? ban Xã h?i Nguy?n Thúy Anh.
Sáng 12/8, U? ban Th??ng v? Qu?c h?i cho ý ki?n v? vi?c gi?i trình, ti?p thu, ch?nh lý d? th?o Lu?t s?a ??i, b? sung m?t s? ?i?u c?a Lu?t D??c.
Th?o lu?n t?i K? h?p th? 7 c?a Qu?c h?i, v?n ?? ???c nhi?u ??i bi?u quan tâm là chính sách c?a Nhà n??c v? d??c và phát tri?n công nghi?p d??c.
Có ý ki?n ??i bi?u Qu?c h?i ?? ngh? quy ??nh theo các lu?t chuyên ngành v? thu?, ??u t? ?? b?o ??m không phá v? khuôn kh? pháp lu?t, ??nh h??ng chung v? thu?, ?u ?ãi ??u t?. Tr??ng h?p rà soát th?y c?n thi?t b? sung l?nh v?c h? tr? ??u t? ho?c các ?u ?ãi v? thu? thì ?? ngh? b? sung khi s?a Lu?t Thu? thu nh?p doanh nghi?p d? ki?n trình Qu?c h?i cho ý ki?n t?i k? h?p th? 8.
Ý ki?n khác ?? ngh? rà soát chính sách s? d?ng Qu? phát tri?n khoa h?c và công ngh? cho phù h?p v?i Lu?t Thu? thu nh?p doanh nghi?p và ?? tránh l?m d?ng chính sách.
Trình bày báo cáo c?a ?y ban Xã h?i (c? quan ch? trì th?m tra d? án lu?t), Ch? nhi?m Nguy?n Thúy Anh cho bi?t, d? th?o ?ã ???c ch?nh lý ?? góp ph?n ??t ???c m?c tiêu phát tri?n ngành d??c Vi?t Nam nh? ?ã ?? ra t?i Chi?n l??c qu?c gia phát tri?n ngành d??c Vi?t Nam giai ?o?n ??n n?m 2030 và t?m nhìn ??n n?m 2045, b?o ??m các c? s? kinh doanh d??c ???c ti?p c?n và th? h??ng các chính sách.
C? th? là Th??ng tr?c ?y ban Xã h?i và B? Y t? (có quan ch? trì so?n th?o) th?ng nh?t ?? xu?t quy ??nh c? th? v? quy mô c?a d? án ??u t? trong m?t s? l?nh v?c d??c v?i v?n ??u t? t? 3.000 t? ??ng tr? lên, th?c hi?n gi?i ngân t?i thi?u 1.000 t? ??ng trong th?i h?n 3 n?m k? t? ngày ???c c?p Gi?y ch?ng nh?n ??ng ký ??u t? ho?c ch?p thu?n ch? tr??ng ??u t? ???c áp d?ng chính sách ?u ?ãi, h? tr? ??u t? ??c bi?t.
Bên c?nh ?ó, d? th?o Lu?t ?ã ?i?u ch?nh t? l? mà doanh nghi?p ???c trích t?i ?a tính trên thu nh?p tính thu? h?ng n?m ?? l?p Qu? Phát tri?n khoa h?c và công ngh? c?a doanh nghi?p là 15% và ???c th?c hi?n trong 10 n?m.
D? th?o c?ng b? sung c? ch? ?? ki?m soát vi?c l?m d?ng qu? ho?c s? d?ng không ?úng m?c ?ích, giao Chính ph? quy ??nh chi ti?t v? chính sách ?u ?ãi, h? tr? ??u t? trong phát tri?n công nghi?p d??c ?? ??m b?o tính kh? thi.
V? kinh doanh chu?i nhà thu?c, ti?p thu ý ki?n ??i bi?u, d? th?o Lu?t ?ã quy ??nh c? th? ?i?u ki?n c?p Gi?y ch?ng nh?n ?? ?i?u ki?n kinh doanh d??c ??i v?i c? s? t? ch?c chu?i nhà thu?c ph?i ?áp ?ng ?i?u ki?n ho?t ??ng nh? c? s? bán buôn thu?c, nguyên li?u làm thu?c, ph?i có t? 02 nhà thu?c tr?c thu?c tr? lên ?ã ???c c?p Gi?y ch?ng nh?n ?? ?i?u ki?n kinh doanh d??c và h? th?ng ch?t l??ng.
D? th?o c?ng quy ??nh trách nhi?m c?a c? s? t? ch?c chu?i nhà thu?c trong vi?c b?o ??m các nhà thu?c trong chu?i ph?i ho?t ??ng có tính h? th?ng, ?áp ?ng ???c yêu c?u ch?t l??ng ?ã ??nh tr??c.
V? kinh doanh thu?c, nguyên li?u làm thu?c theo ph??ng th?c th??ng m?i ?i?n t?, m?t s? ??i bi?u Qu?c h?i ?? ngh? quy ??nh c? th? ?i?u ki?n, các lo?i thu?c, ??i t??ng ???c tham gia mua bán, cách th?c ti?n hành, cách th?c t? v?n, h??ng d?n s? d?ng thu?c, quy trình giao thu?c, v?n chuy?n, truy xu?t ngu?n g?c, giá bán, bi?n pháp b?o ??m b?o m?t thông tin ng??i mua…
?y ban Xã h?i nh?n m?nh kh?ng ??nh d? th?o lu?t ?ã quy ??nh c? th? lo?i thu?c ???c kinh doanh theo ph??ng th?c th??ng m?i ?i?n t?.
C? th?, t?i kho?n 1a ?i?u 42 quy ??nh “Thu?c ???c bán l? theo ph??ng th?c th??ng m?i ?i?n t? ph?i thu?c Danh m?c thu?c không kê ??n tr? thu?c thu?c Danh m?c h?n ch? bán l?, thu?c ph?i ki?m soát ??c bi?t”; “Thu?c, nguyên li?u làm thu?c ???c bán buôn theo ph??ng th?c th??ng m?i ?i?n t? tr? các thu?c, nguyên li?u làm thu?c ph?i ki?m soát ??c bi?t”.
D? th?o lu?t c?ng b? sung nh?ng hành vi b? nghiêm c?m nh? “c?m bán l? theo ph??ng th?c th??ng m?i ?i?n t? ??i v?i thu?c kê ??n, thu?c ph?i ki?m soát ??c bi?t, thu?c thu?c Danh m?c thu?c h?n ch? bán l?”; “c?m bán buôn theo ph??ng th?c th??ng m?i ?i?n t? ??i v?i thu?c, nguyên li?u làm thu?c ph?i ki?m soát ??c bi?t”.
Ngpài ra, d? th?o c?m kinh doanh thu?c, nguyên li?u làm thu?c theo ph??ng th?c th??ng m?i ?i?n t? thông qua các ph??ng ti?n không ph?i sàn giao d?ch th??ng m?i ?i?n t?, ?ng d?ng th??ng m?i ?i?n t? bán hàng, website th??ng m?i ?i?n t? bán hàng có ch?c n?ng ??t hàng tr?c tuy?n.
V? cách th?c ti?n hành, t? v?n, h??ng d?n s? d?ng thu?c, quy trình giao thu?c, v?n chuy?n, d? th?o Lu?t ?y quy?n giao B? tr??ng B? Y t? quy ??nh c? s? bán l? thu?c ph?i t? ch?c t? v?n, h??ng d?n v? cách s? d?ng thu?c cho ng??i mua thu?c và t? ch?c th?c hi?n giao thu?c ??n ng??i mua (t?i ?i?m d kho?n 4 ?i?u 42 s?a ??i)."
S? Y t? TP.HCM g?p khó khi x? lý c? s? kinh doanh thu?c qua m?ng xã h?i,https://www.tinnhanhchungkhoan.vn/so-y-te-tphcm-gap-kho-khi-xu-ly-co-so-kinh-doanh-thuoc-qua-mang-xa-hoi-post348352.html,28/06/2024 07:50,"Thông tin trong bu?i h?p báo th??ng k? ngày 27/6, bà Lê Thi?n Qu?nh Nh?, Chánh V?n phòng S? Y t? TP.HCM cho bi?t kinh doanh d??c là ngành ngh? kinh doanh có ?i?u ki?n. C? s? kinh doanh ph?i ?áp ?ng các ?i?u ki?n v? c? s? v?t ch?t, k? thu?t và nhân s? thì m?i ???c c?p gi?y ch?ng nh?n ?? ?i?u ki?n kinh doanh d??c và ph?i th?c hi?n ?úng ph?m vi kinh doanh ???c c?p phép.
Hi?n nay, vi?c kinh doanh d??c thu?c theo ph??ng th?c th??ng m?i ?i?n t? v?n ch?a ???c pháp lu?t công nh?n. Vi?c kinh doanh thu?c qua m?ng xã h?i ho?c livestream c?ng là hành vi vi ph?m pháp lu?t do không ??m b?o các yêu c?u v? ?i?u ki?n c? s? v?t ch?t c?a c? s? kinh doanh nh?m ??m b?o ch?t l??ng thu?c.
Ngoài ra, vi?c qu?ng cáo thu?c ph?i th?c hi?n theo ?úng n?i dung qu?ng cáo ?ã ???c B? Y t? xác nh?n và ch? ???c qu?ng cáo các thu?c: Thu?c Danh m?c thu?c không kê ??n; Không thu?c tr??ng h?p h?n ch? s? d?ng ho?c s? d?ng d??i s? giám sát c?a th?y thu?c theo khuy?n cáo c?a c? quan nhà n??c có th?m quy?n; Gi?y ??ng ký l?u hành thu?c còn th?i h?n hi?u l?c t?i Vi?t Nam.
Theo bà Nh?, hi?n nay qu?ng cáo thu?c qua m?ng xã h?i là m?t hi?n t??ng xu?t hi?n khi các ph??ng ti?n thông tin, trang m?ng xã h?i ngày càng ph? bi?n, ???c s? d?ng nh? m?t công c? bán hàng ho?c qu?ng cáo s?n ph?m.
Thanh tra S? Y t? ti?n hành ki?m tra ??c l?p khi có ??n th? ph?n ánh vi?c qu?ng cáo ho?c bán thu?c qua m?ng xã h?i ho?c l?ng ghép ki?m tra qu?ng cáo trong các chuyên ?? nh? chuyên ?? thu?c ki?m soát ??c bi?t, thu?c d??c li?u và ngu?n g?c thu?c.
“N?m 2023, Thanh tra S? Y t? ?ã ki?m tra và x? ph?t 2 c? s? có vi ph?m trong vi?c bán thu?c trên sàn th??ng m?i ?i?n t? và m?ng xã h?i, trong ?ó 1 v? vi?c chuy?n Công an”, bà Nh? thông tin.
Tuy nhiên, theo bà Nh?, quá trình thanh tra, ki?m tra g?p m?t s? khó kh?n khi x? lý vi?c kinh doanh, qu?ng cáo thu?c qua m?ng xã h?i. Ch?ng h?n nh? vi?c xác ??nh ch? th? th?c hi?n hành vi vi ph?m liên quan ??n vi?c qu?ng cáo: công ty s? h?u s?n ph?m; nhà phân ph?i; ng??i s? h?u website; ch? tài kho?n; cá nhân ng??i th?c hi?n qu?ng cáo s?n ph?m trong các video qu?ng cáo.
??a ch? kinh doanh là ??a ?i?m ?o, không có th?t; hình th?c giao d?ch mua bán qua ?i?n tho?i, ??a ?i?m giao nh?n không c? ??nh, không ph?i là c? s? kinh doanh thu?c ???c c? quan nhà n??c có th?m quy?n c?p phép.
C? quan qu?n lý c?ng ch?a có ?? ph??ng ti?n, công c? ?? l?u tr? ch?ng c? trong vi?c th?c hi?n x? lý vi ph?m qu?ng cáo.
??i v?i các ??i t??ng vi ph?m, khi ???c m?i lên làm vi?c v? vi?c qu?ng cáo s?n ph?m, các cá nhân, t? ch?c ?ã tháo g? s?n ph?m, ch?n truy c?p trang thông tin ?i?n t? tr??c khi lên làm vi?c ho?c không h?p tác, không lên làm vi?c theo gi?y m?i.
“L?i d?ng nhu c?u dùng thu?c ch?a b?nh c?a ng??i dân, nhi?u ??i t??ng qu?ng cáo d??c ph?m, th?c ph?m ch?c n?ng gi?, kém ch?t l??ng trên các trang m?ng xã h?i, trang ?i?n t? có tên mi?n t? n??c ngoài làm cho c? quan qu?n lý không qu?n lý ???c n?i dung qu?ng cáo nên không xác ??nh ???c ch? th? qu?ng cáo và không có c? s? ?? x? lý vi ph?m”, bà Nh? nói.
?? qu?n lý vi?c kinh doanh thu?c qua m?ng, S? Y t? ?ã thành l?p T? Công tác ??c bi?t ?? theo dõi, ki?m soát vi?c qu?ng cáo trong l?nh v?c y t? trên các kênh thông tin ?i?n t?."
Bán thu?c qua m?ng “nghe r?t hi?n ??i nh?ng c?c k? nguy hi?m”,https://www.tinnhanhchungkhoan.vn/ban-thuoc-qua-mang-nghe-rat-hien-dai-nhung-cuc-ky-nguy-hiem-post347647.html,19/06/2024 07:21,"Giám ??c B?nh vi?n Ch? R?y TP.HCM Nguy?n Tri Th?c phát bi?u t?i t?. ?nh Duy Linh.
?ó là nh?n ??nh c?a ??i bi?u Nguy?n Tri Th?c, Giám ??c B?nh vi?n Ch? R?y TP.HCM khi tham gia th?o lu?n t? v? D? th?o Lu?t D??c s?a ??i (D? th?o) chi?u 18/6 t?i Qu?c h?i.
L?n s?a ??i này, D? th?o b? sung quy ??nh kinh doanh các thu?c, nguyên li?u làm thu?c ph?i th?c hi?n trên sàn giao d?ch th??ng m?i ?i?n t?, ?ng d?ng th??ng m?i ?i?n t? bán hàng, website th??ng m?i ?i?n t? bán hàng.
C? s? kinh doanh d??c ???c ??ng t?i các thông tin c?a thu?c phù h?p v?i quy ??nh v? thông tin thu?c và qu?ng cáo thu?c trên ph??ng ti?n kinh doanh th??ng m?i ?i?n t?.
Các c? s? này ph?i ch?u trách nhi?m tr??c pháp lu?t v? tính chính xác, h?p pháp, trung th?c c?a các h? s?, tài li?u cung c?p cho c? quan có th?m quy?n.
D? th?o lu?t c?ng quy ??nh “không ???c kinh doanh d??c trên m?ng xã h?i và các hình th?c kinh doanh ?i?n t? khác”.
Th?o lu?n t?i t?, nhi?u ??i bi?u c?ng ??c bi?t quan tâm ??n quy ??nh cho phép kinh doanh thu?c, nguyên li?u làm thu?c theo ph??ng th?c th??ng m?i ?i?n t?.
Nói rõ “không bao gi? ?ng h?” bán thu?c qua m?ng, ??i bi?u Th?c nêu câu chuy?n th?c t? t?i B?nh vi?n Ch? R?y. ?ó là, do b?nh nhân ch? nh?n thu?c B?o hi?m y t? quá lâu, có khi t?i 5-6 ngày, B?nh vi?n ?ã có sáng ki?n chuy?n thu?c t?i t?n nhà cho b?nh nhân. “Tuy nhiên, khi tri?n khai, ch?a nói t?i chuy?n v?n chuy?n trong th?i ti?t m?a gió, ?ã có tr??ng h?p ng??i giao thu?c ??i thu?c c?a b?nh nhân. Thu?c x?n b? ??i thành lo?i thu?c cùng ho?t ch?t nh?ng giá thành r? h?n. Sau m?t tu?n, B?nh vi?n ?ã ph?i d?ng ngay vi?c này”.
Vi?c bán thu?c qua m?ng “nghe r?t hi?n ??i nh?ng c?c k? nguy hi?m”, Giám ??c B?nh vi?n Ch? R?y nh?n m?nh.
Cùng ?oàn TP.HCM, ??i bi?u Ph?m Khánh Phong Lan d?n s? li?u c?a m?t s? qu?c gia, theo ?ó, 75% thu?c phân ph?i qua m?ng là thu?c kém ch?t l??ng và thu?c gi?. T?i Vi?t Nam, vi?c qu?n lý ch?t l??ng thu?c ??i v?i các nhà thu?c l?n còn t?n t?i nhi?u khó kh?n, do ?ó, làm th? nào ?? qu?n lý bán thu?c trên m?ng không ph?i là ?i?u d? dàng.
Bà Lan nh?n xét, quy ??nh v? v?n ?? này trong d? th?o lu?t còn quá ??n gi?n, r?i r?c, c?n ph?i ??u t? nghiên c?u thêm, n?u không h?u qu? s? r?t... khó l??ng.
“N?u không qu?n lý ch?t, chúng ta s? th? gà ra ?u?i. Mà “gà” ? ?ây chính là tính m?ng c?a ng??i dân”, n? ??i bi?u nh?n m?nh.
??ng tình v?i ý ki?n th?m tra c?a ?y ban Xã h?i, ??i bi?u Ph?m Khánh Phong Lan ?? xu?t không ??a thu?c kê ??n vào danh m?c thu?c ???c bán qua sàn th??ng m?i. V?i thu?c không kê ??n, ph?i có quy ??nh ch?t ch?, t? ch?c trong khuôn kh? an toàn và tr?t t? h?n.
Theo ??i bi?u Tr?n Th? H?ng Thanh (Ninh Bình) thì c?n thi?t quy ??nh ph??ng th?c kinh doanh thu?c qua n?n t?ng th??ng m?i ?i?n t?, ?? ?áp ?ng yêu c?u c?a th?c ti?n và t?o hành lang pháp lý cho vi?c ?i?u ch?nh, gi?i quy?t các v?n ?? th?c ti?n phát sinh. M?t khác, bán thu?c qua n?n t?ng ?i?n t? t?o ?i?u ki?n thu?n l?i cho ng??i dân ti?p c?n thu?c d? dàng.
Tuy nhiên, v?n ?? ??t ra, theo ??i bi?u là ph?i ??m b?o an toàn s?c kh?e, ph?i có ??n c?a bác s? ??i v?i thu?c kê ??n, ng??i mua ???c t? v?n và theo dõi các ph?n ?ng có h?i c?a thu?c…
Nh?ng, d? th?o Lu?t hi?n ch?a có quy ??nh th?t c? th? v? ?i?u ki?n ??i v?i sàn giao d?ch th??ng m?i ?i?n t?, ?ng d?ng th??ng m?i ?i?n t? trong kinh doanh d??c, ch?a rõ v? cách th?c ti?n hành, cách th?c t? v?n, h??ng d?n s? d?ng thu?c…
V? ??i bi?u Ninh Bình cho r?ng, thu?c là m?t hàng ??c bi?t, ?nh h??ng tr?c ti?p ??n s?c kh?e c?a ng??i dân. Do ?ó, vi?c cho phép bán thu?c qua n?n t?ng th??ng m?i ?i?n t? c?n ???c ki?m soát ch?t ch?, ?ánh giá tác ??ng c? th?, ??y ??.
Bà Thanh ?? ngh?, D? th?o c?n quy ??nh c? th?, ch?t ch? v? ph??ng th?c kinh doanh m?i này, cân nh?c k? d?a trên c? s? ?ánh giá l?i ích và r?i ro, h?u qu? ??i v?i ng??i b?nh khi mua thu?c tr?c tuy?n; ?ánh giá m?c ?? ki?m soát c?a c? quan qu?n lý Nhà n??c và nghiên c?u, tham kh?o kinh nghi?m c?a các n??c tiên ti?n trên th? gi?i.
Vi?c cho phép bán thu?c qua th??ng m?i ?i?n t? c?n ???c ki?m soát ch?t ch?. M?c tiêu ??t ra là ng??i dân mua ???c thu?c d? dàng và ph?i an toàn, b?o ??m có ??n c?a bác s? và ???c t? v?n d??c ??y ??, ?úng ng??i, ?úng b?nh, theo dõi ???c các ph?n ?ng có h?i c?a thu?c (ADR), ??i bi?u Nguy?n V?n D??ng (Ti?n Giang) nêu ý ki?n."
S?a Lu?t D??c: M? r?ng quy?n cho nhà ??u t? ngo?i?,https://www.tinnhanhchungkhoan.vn/sua-luat-duoc-mo-rong-quyen-cho-nha-dau-tu-ngoai-post343478.html,16/04/2024 11:42,"?nh minh h?a.
Theo Chính ph?, m?t s? quy ??nh v? kinh doanh, lo?i hình kinh doanh d??c c?n ?i?u ch?nh ?? ?áp ?ng s? phát tri?n và xu th? h?i nh?p.
D? án Lu?t s?a ??i, b? sung m?t s? ?i?u c?a Lu?t D??c s? ???c trình ?y ban Th??ng v? Qu?c h?i cho ý ki?n chi?u nay (16/4).
S? c?n thi?t s?a ??i, v? c? s? th?c ti?n, t? trình nêu nhi?u v?n ??, trong ?ó có m?t s? quy ??nh v? kinh doanh, lo?i hình kinh doanh d??c c?n ?i?u ch?nh ?? ?áp ?ng s? phát tri?n và xu th? h?i nh?p.
C? th?, v? quy?n c?a doanh nghi?p có v?n ??u t? n??c ngoài (FIE) ???c xu?t kh?u, nh?p kh?u nh?ng không ???c th?c hi?n quy?n phân ph?i thu?c t?i Vi?t Nam, m?c dù Vi?t Nam ???c b?o l?u quy?n phân ph?i thu?c, nguyên li?u làm thu?c t?i Vi?t Nam ??i v?i các doanh nghi?p này theo cam k?t t?i các ?i?u ??c qu?c t? mà n??c CHXHCN Vi?t Nam là thành viên. Nh?ng Lu?t D??c ?ã cho phép các doanh nghi?p này ???c bán thu?c, nguyên li?u làm thu?c do chính các doanh nghi?p nh?p kh?u theo quy ??nh c?a B? tr??ng B? Y t? (kho?n 1 ?i?u 44).
?? tri?n khai quy ??nh này c?a Lu?t D??c, kho?n 10 ?i?u 91 Ngh? ??nh s? 54/2017/N?-CP ?ã quy ??nh c? th? quy?n và trách nhi?m c?a các doanh nghi?p FIE trong vi?c nh?p kh?u, s?n xu?t thu?c t?i Vi?t Nam và phân ph?i thu?c, nguyên li?u làm thu?c. V? c? b?n, các quy ??nh v? quy?n và trách nhi?m c?a các c? s? kinh doanh d??c có v?n ??u t? n??c ngoài ?ã b?o ??m hài hòa l?i ích c?a các thành ph?n kinh t?, trong ?ó, l?y quy?n l?i c?a ng??i b?nh làm trung tâm, phù h?p v?i các cam k?t qu?c t?.
Tuy nhiên, theo c? quan trình lu?t, th?i gian g?n ?ây, ??c bi?t là sau giai ?o?n d?ch Covid-19 di?n bi?n c?ng th?ng, các nhà ??u t? n??c ngoài d?n chuy?n h??ng ??u t? vào khu v?c châu Á, trong ?ó có Vi?t Nam. Ho?t ??ng gia công và chuy?n giao công ngh? trong l?nh v?c d??c c?a các nhà ??u t? n??c ngoài ngày càng t?ng, do ?ó, các chính sách v? quy?n và trách nhi?m c?a doanh nghi?p có v?n ??u t? n??c ngoài c?n ???c ?i?u ch?nh theo h??ng m? r?ng quy?n ???c gia công thu?c, nh?n l?i thu?c gia công ?? bán cho c? s? bán buôn t?i Vi?t Nam; quy?n ???c chuy?n giao công ngh? và mua l?i thu?c chuy?n giao công ngh? này ?? bán cho c? s? bán buôn thu?c t?i Vi?t Nam.
Vì v?y, t? trình nêu rõ, c?n rà soát, th? ch? hóa n?i dung liên quan ??n quy?n phân ph?i thu?c, nguyên li?u làm thu?c c?a doanh nghi?p FIE t?i Lu?t ?? b?o ??m phù h?p cam k?t c?a Vi?t Nam khi gia nh?p WTO, các ?i?u ??c qu?c t? mà Vi?t Nam là thành viên và các hi?p ??nh th??ng m?i t? do mà Vi?t Nam ?ã ký k?t (CPTPP, EVFTA…).
??ng th?i t?ng b??c m? r?ng quy?n c?a doanh nghi?p FIE trong các ho?t ??ng bán buôn, giao nh?n, v?n chuy?n thu?c, nguyên li?u làm thu?c do doanh nghi?p FIE s?n xu?t, ??t gia công, chuy?n giao công ngh? t?i Vi?t Nam nh?m thu hút doanh nghi?p FIE ??u t? vào l?nh v?c này ?? nâng cao n?ng l?c s?n xu?t trong n??c, t?o ?i?u ki?n ?? c? s? s?n xu?t thu?c trong n??c có ?i?u ki?n ti?p c?n công ngh? s?n xu?t thu?c tiên ti?n, t?ng c??ng phát tri?n công nghi?p d??c, b?o ??m ch? ??ng vi?c cung ?ng thu?c, an ninh v? thu?c cho công tác ch?m sóc s?c kh?e cho ng??i dân.
Tham gia th?m tra, Th??ng tr?c ?y ban Kinh t? c?a Qu?c h?i nêu, v? s? s? kinh doanh d??c có v?n ??u t? n??c ngoài, Lu?t D??c n?m 2016 ch?a có quy ??nh v? n?i dung m?i này. Trong b?i c?nh chuy?n d?ch ??u t? vào Vi?t Nam c?a l?nh v?c d??c ngày càng t?ng, cùng ho?t ??ng gia công và chuy?n giao công ngh? d??c, d? th?o Lu?t quy ??nh v? quy?n và ngh?a v? c?a c? s? kinh doanh có v?n ??u t? n??c ngoài là c?n thi?t.
Th??ng tr?c ?y ban Kinh t? ?? ngh? C? quan so?n th?o ti?p t?c nghiên c?u quy ??nh b? sung các v?n ?? khác có liên quan ngoài quy?n và ngh?a v? ?? b?o ??m ??y ?? khung pháp lý cho ??i t??ng này nh? c? ch? qu?n lý, ho?t ??ng, th? t?c c?p phép, v?n chuy?n thu?c...
Bên c?nh n?i dung trên, l?n s?a ??i này c?ng tính ??n quy ??nh cho m?t s? lo?i hình kinh doanh m?i phát sinh trong th?c ti?n.
B?i vì, trong b?i c?nh ??i m?i liên t?c c?a công ngh? và ?nh h??ng c?a ??i d?ch Covid-19, vi?c mua s?m qua internet, các giao d?ch ?i?n t? ngày càng tr? nên ph? bi?n và tr? thành s? l?a ch?n c?a nhi?u ng??i dân. Bên c?nh ?ó, trên th?c ti?n ?ã xu?t hi?n lo?i hình t? ch?c kinh doanh chu?i nhà thu?c, ?ây là các n?i dung ch?a ???c Lu?t D??c 2016 ?i?u ch?nh.
Theo ?ó, d? th?o ?ã b? sung m?t s? lo?i hình kinh doanh, ?i?u ki?n kinh doanh ??i v?i lo?i hình kinh doanh chu?i nhà thu?c, kinh doanh thu?c theo ph??ng th?c th??ng m?i ?i?n t? và quy?n, trách nhi?m c?a c? s? kinh doanh trên; s?a ??i quy ??nh v? ?i?u ki?n kinh doanh ??i v?i thu?c ph?i ki?m soát ??c bi?t theo h??ng ??n gi?n hóa th? t?c hành chính.
Th??ng tr?c ?y ban Kinh t? nhìn nh?n, mô hình kinh doanh chu?i nhà thu?c m?t m?t v?a có tính ch?t chu?i, theo ?ó, ph?i có các quy ??nh v? ho?t ??ng chu?i, các tiêu chí, th? t?c kèm theo, m?t khác, v?a có tính ch?t ??n l? c?a t?ng c?a hàng thu?c t?c là ph?i ?áp ?ng ?i?u ki?n quy ??nh v? ho?t ??ng c?a nhà thu?c.
D? th?o Lu?t m?i ch? quy ??nh v? ?i?u ki?n chuyên môn d??c (?i?u 17a s?a ??i, b? sung), ?i?u ki?n v? c? s? v?t ch?t (?i?m h kho?n 1 ?i?u 33 s?a ??i, b? sung), quy?n và trách nhi?m c?a c? s? kinh doanh chu?i nhà thu?c (?i?u 47a, s?a ??i, b? sung). Do ?ó, Th??ng tr?c ?y ban Kinh t? ?? ngh? C? quan so?n th?o ti?p t?c nghiên c?u hoàn thi?n các quy ??nh v? các ?i?u ki?n v?t ch?t, ch? th?, thành l?p, t? ch?c chu?i nhà thu?c, c? ch? qu?n lý, trách nhi?m c?a các t? ch?c liên quan ??i v?i nhà thu?c ho?t ??ng theo chu?i."
